{
    "percentages": [
        20.0,
        40.0,
        60.0,
        80.0,
        100.0
    ],
    "train_samples": [
        1416,
        2832,
        4248,
        5664,
        7080
    ],
    "val_accuracy": [
        0.9447852760736196,
        0.9550102249488752,
        0.950920245398773,
        0.983640081799591,
        0.9734151329243353
    ]
}