{
    "train_samples": 7080,
    "accuracy": 0.951694905757904,
    "loss": 0.13359621167182922
}