{
    "experiment_summary": {
        "best_accuracy": "85.9%",
        "best_accuracy_samples": 7080,
        "best_accuracy_percentage": "100.0%"
    },
    "detailed_results": {
        "percentages": [
            20.0,
            40.0,
            60.0,
            80.0,
            100.0
        ],
        "train_samples": [
            1416,
            2832,
            4248,
            5664,
            7080
        ],
        "val_accuracy": [
            0.6564416885375977,
            0.6932515501976013,
            0.8241308927536011,
            0.8179959058761597,
            0.8588957190513611
        ],
        "val_loss": [
            0.6110879182815552,
            0.5813577175140381,
            0.38249635696411133,
            0.34879517555236816,
            0.2689296007156372
        ]
    }
}