{
    "experiment_summary": {
        "best_accuracy": "94.7%",
        "best_accuracy_samples": 7080,
        "best_accuracy_percentage": "100.0%"
    },
    "detailed_results": {
        "percentages": [
            20.0,
            40.0,
            60.0,
            80.0,
            100.0
        ],
        "train_samples": [
            1416,
            2832,
            4248,
            5664,
            7080
        ],
        "val_accuracy": [
            0.8936605453491211,
            0.8875255584716797,
            0.9325153231620789,
            0.9406952857971191,
            0.9468302726745605
        ],
        "val_loss": [
            0.2649809420108795,
            0.23396369814872742,
            0.16893909871578217,
            0.14056441187858582,
            0.11617885529994965
        ]
    }
}